{
  "accuracy": 0.9564102292060852,
  "loss": 0.1650785356760025,
  "val_accuracy": 0.9538461565971375,
  "val_loss": 0.17082993686199188,
  "epoch": 7,
  "global_step": 200
}