{
  "accuracy": 0.9602563977241516,
  "loss": 0.15088967978954315,
  "val_accuracy": 0.9589743614196777,
  "val_loss": 0.18142855167388916,
  "epoch": 8,
  "global_step": 225
}